#,dist(asec),prob_member,link_ref,link_comment,identifier,typ,coord1_(ICRS_J2000/2000),Mag_U,Mag_B,Mag_V,Mag_R,Mag_I,spec_type,#bib,#not,RA,Dec
1,263.15,100,2011AJ....141...89S,B,2MASS J19532801+1847054,RG*,19 53 28.015 +18 47 05.46,~,~,~,~,~,~,2,0,298.366729166,18.7848500000
2,99.4,0,2008A&A...486..941A,B,Cl* NGC 6838 KC 224,*iC,19 53 39.7 +18 46 21,~,15.76,15.13,~,~,~,2,0,298.415416666,18.7724999999
3,118.67,86,2008A&A...486..941A,B,Cl* NGC 6838 KC 200,*iC,19 53 51.0 +18 48 25,~,16.83,15.53,~,~,~,2,0,298.4625,18.8069444444
4,112.37,99,2008A&A...486..941A,B,Cl* NGC 6838 ASC 616,*iC,19 53 54.4 +18 46 48,~,18.39,17.50,~,~,~,1,0,298.476666666,18.7799999999
5,85.76,20,2010A&A...513A..16H,S,[HBE2010] s22,X,19 53 49.38 +18 48 00.4,19.01,18.22,~,~,17.22,~,1,0,298.455749999,18.8001111111
6,196.1,100,2001A&A...373..159C,B,2MASS J19533986+1843530,RG*,19 53 39.868 +18 43 53.03,~,14.59,13.01,~,~,~,34,0,298.416116666,18.7313972222
7,90.96,0,2010A&A...513A..16H,S,[EHC2008] s26,X,19 53 50.841 +18 47 51.85,~,19.3,~,~,17.50,~,1,0,298.461837499,18.7977361111
8,131.85,100,2009A&A...505..117C,B,2MASS J19535534+1847247,RG*,19 53 55.345 +18 47 24.73,~,15.997,14.893,~,~,~,2,0,298.480604166,18.7902027777
9,19.36,100,2009A&A...505..117C,B,2MASS J19534573+1847012,RG*,19 53 45.736 +18 47 01.23,~,15.475,14.322,~,~,G...,16,0,298.440566666,18.7836750000
10,388.74,100,2009A&A...505..139C,B,2MASS J19534120+1840236,RG*,19 53 41.207 +18 40 23.68,~,14.694,13.240,~,~,~,2,0,298.421695833,18.6732444444
11,107.01,90,2008A&A...486..941A,B,Cl* NGC 6838 ASC 751,*iC,19 53 39.1 +18 47 06,~,18.67,17.83,~,~,~,1,0,298.412916666,18.785
12,135.12,~,2008A&A...486..941A,B,Cl* NGC 6838 ASC 1693,*iC,19 53 52.4 +18 48 31,~,~,~,~,~,~,1,0,298.468333333,18.8086111111
13,34.56,~,2008A&A...486..941A,B,Cl* NGC 6838 ASC 1873,*iC,19 53 44.5 +18 47 05,~,~,~,~,~,~,1,0,298.435416666,18.7847222222
14,125.19,100,2009A&A...505..117C,B,2MASS J19535120+1848308,RG*,19 53 51.204 +18 48 30.89,~,15.560,14.385,~,~,~,1,0,298.46335,18.8085805555
15,51.78,90,2008A&A...486..941A,B,2MASS J19534288+1846374,AB*,19 53 42.884 +18 46 37.45,~,14.83,13.70,~,~,~,14,0,298.428683333,18.7770694444
16,347.85,0,2009MNRAS.393..272W,B,BSNS 82,*,19 53 58.583 +18 51 47.62,~,~,14.81,~,~,G,3,0,298.494095833,18.8632277777
17,41.28,100,2009A&A...505..139C,B,2MASS J19534615+1847261,RG*,19 53 46.15 +18 47 26.1,~,14.634,13.132,~,~,G...,34,0,298.442291666,18.7905833333
18,250.73,100,2011AJ....142..126S,B,2MASS J19534359+1842377,RG*,19 53 43.593 +18 42 37.77,~,15.418,14.611,~,~,~,3,0,298.431637499,18.7104916666
19,113.54,26,2008A&A...486..941A,B,Cl* NGC 6838 KC 300,*iC,19 53 38.5 +18 46 49,~,17.23,16.11,~,~,~,2,0,298.410416666,18.7802777777
20,98.36,91,2008A&A...486..941A,B,Cl* NGC 6838 ASC 1796,*iC,19 53 49.3 +18 48 15,~,19.52,18.69,~,~,~,1,0,298.455416666,18.8041666666
21,249.16,100,2009A&A...505..117C,B,2MASS J19532925+1845584,RG*,19 53 29.256 +18 45 58.48,~,14.17,13.01,~,11.77,~,2,0,298.371899999,18.7662444444
22,29.82,70,2008A&A...486..941A,B,[KGS2008] J195344.5+184647,RG*,19 53 44.4 +18 46 48,~,15.64,14.76,~,13.78,~,7,0,298.434999999,18.7799999999
23,84.22,100,2009A&A...505..117C,B,2MASS J19534817+1845243,RG*,19 53 48.173 +18 45 24.34,~,15.01,14.08,~,13.05,~,2,0,298.450720833,18.7567611111
24,31.62,100,2001A&A...373..159C,B,Cl* NGC 6838 ASC 452,*iC,19 53 47.509 +18 46 16.99,~,14.51,13.02,~,~,~,35,0,298.447954166,18.7713861111
25,96.73,100,2009A&A...505..117C,B,2MASS J19534731+1845090,RG*,19 53 47.316 +18 45 09.08,~,16.038,14.925,~,~,~,1,0,298.447149999,18.7525222222
26,347.8,100,2009A&A...505..117C,B,2MASS J19533747+1841217,RG*,19 53 37.474 +18 41 21.74,~,14.868,13.646,~,~,~,1,0,298.406141666,18.6893722222
27,104.12,100,2008ApJ...682.1217K,B,[KGS2008] J195353.7+184704,RG*,19 53 53.7 +18 47 04,~,14.44,13.61,~,12.72,~,1,0,298.47375,18.7844444444
28,102.88,80,2008A&A...486..941A,B,Cl* NGC 6838 ASC 1060,*iC,19 53 39.4 +18 46 24,~,~,16.95,~,~,~,3,0,298.414166666,18.7733333333
29,216.37,100,2011AJ....142..126S,B,2MASS J19534946+1843128,RG*,19 53 49.462 +18 43 12.89,~,~,~,~,~,~,2,0,298.456091666,18.7202472222
30,156.41,0,2008A&A...486..941A,B,Cl* NGC 6838 ASC 1235,*iC,19 53 56.0 +18 48 04,~,17.63,16.77,~,~,~,1,0,298.483333333,18.8011111111
31,165.87,100,2009MNRAS.393..272W,B,2MASS J19533747+1844596,RG*,19 53 37.474 +18 44 59.67,~,14.69,13.10,~,~,G...,38,0,298.406141666,18.7499083333
32,95.1,80,2008A&A...486..941A,B,Cl* NGC 6838 ASC 1292,*iC,19 53 39.8 +18 46 41,~,18.5,17.31,~,~,~,1,0,298.415833333,18.7780555555
33,90.75,96,2008A&A...486..941A,B,2MASS J19534157+1847430,RG*,19 53 41.571 +18 47 43.03,~,16.14,14.85,~,~,~,23,0,298.423212499,18.7952861111
34,135.03,~,2008A&A...486..941A,B,Cl* NGC 6838 ASC 7299,*iC,19 53 52.3 +18 48 32,~,~,~,~,~,~,1,0,298.467916666,18.8088888888
35,74.4,100,2011AJ....141...89S,B,[SLB2011b] 298.46309+18.76964,*,19 53 51.138 +18 46 10.77,~,~,~,~,~,~,1,0,298.463074999,18.7696583333
36,81.13,100,2009A&A...505..139C,B,2MASS J19534827+1848021,RG*,19 53 48.274 +18 48 02.17,~,14.080,12.346,~,~,~,33,0,298.451141666,18.8006027777
37,372.02,100,2011AJ....142..126S,B,2MASS J19532580+1850334,RG*,19 53 25.805 +18 50 33.44,~,~,~,~,~,~,2,0,298.357520833,18.8426222222
38,140.65,92,2008A&A...486..941A,B,Cl* NGC 6838 ASC 1210,*iC,19 53 53.8 +18 48 20,~,19.33,18.50,~,~,~,1,0,298.474166666,18.8055555555
39,57.21,50,2010A&A...513A..16H,S,[HBE2010] s03c,?,19 53 43.61 +18 47 25.1,~,~,~,~,22.81,~,1,0,298.431708333,18.7903055555
40,99.68,~,2008A&A...486..941A,B,Cl* NGC 6838 ASC 11860,*iC,19 53 49.8 +18 48 13,~,~,~,~,~,~,1,0,298.4575,18.8036111111
41,84.31,100,2009A&A...505..117C,B,2MASS J19534250+1845425,RG*,19 53 42.507 +18 45 42.58,~,15.968,14.904,~,~,~,1,0,298.427112499,18.7618277777
42,89.86,80,2010A&A...513A..16H,S,[HBE2010] s15,X,19 53 47.90 +18 45 17.5,~,~,~,~,19.98,~,1,0,298.449583333,18.7548611111
43,31.62,100,2013AJ....146..133M,B,Cl* NGC 6838 ASC 452,*iC,19 53 47.509 +18 46 16.99,~,14.51,13.02,~,~,~,35,0,298.447954166,18.7713861111
44,40.32,~,2008A&A...486..941A,B,Cl* NGC 6838 ASC 1144,*iC,19 53 46.9 +18 47 25,~,~,~,~,~,~,1,0,298.445416666,18.7902777777
45,91.11,95,2008A&A...486..941A,B,Cl* NGC 6838 ASC 1936,*iC,19 53 40.1 +18 46 37,~,18.4,17.45,~,~,~,1,0,298.417083333,18.7769444444
46,53.87,~,2008A&A...486..941A,B,Cl* NGC 6838 ASC 4126,*iC,19 53 43.0 +18 46 24,~,~,~,~,~,~,1,0,298.429166666,18.7733333333
47,150.06,100,2008ApJ...682.1217K,B,[KGS2008] J195341.7+184431,RG*,19 53 41.72 +18 44 31.2,~,17.40,16.76,~,16.01,~,4,0,298.423833333,18.742
48,62.38,96,2008A&A...486..941A,B,2MASS J19534373+1847336,RG*,19 53 43.732 +18 47 33.65,~,13.95,12.76,17.000,11.51,G...,25,0,298.432216666,18.7926805555
49,50.27,95,2008A&A...486..941A,B,2MASS J19534986+1847003,HB*,19 53 49.862 +18 47 00.39,~,15.5,14.45,~,~,~,16,0,298.457758333,18.7834416666
50,168.76,93,2008A&A...486..941A,B,[KGS2008] J195335.2+184557,RG*,19 53 35.1 +18 45 57,~,15.02,14.05,~,12.99,~,6,0,298.396249999,18.7658333333
51,154.14,100,2001A&A...373..159C,B,2MASS J19535064+1849075,RG*,19 53 50.641 +18 49 07.52,~,14.58,12.97,~,~,G...,34,0,298.461004166,18.8187555555
52,70.47,100,2009A&A...505..139C,B,2MASS J19534575+1847547,RG*,19 53 45.757 +18 47 54.80,~,14.255,12.482,~,~,~,24,0,298.440654166,18.7985555555
53,154.14,100,2013AJ....146..133M,B,2MASS J19535064+1849075,RG*,19 53 50.641 +18 49 07.52,~,14.58,12.97,~,~,G...,34,0,298.461004166,18.8187555555
54,77.44,8,2008A&A...486..941A,B,Cl* NGC 6838 KC 343,*iC,19 53 44.0 +18 47 54,~,16.96,16.33,~,~,~,2,0,298.433333333,18.7983333333
55,249.16,100,2008ApJ...682.1217K,B,2MASS J19532925+1845584,RG*,19 53 29.256 +18 45 58.48,~,14.17,13.01,~,11.77,~,2,0,298.371899999,18.7662444444
56,83.73,80,2010A&A...513A..16H,S,[HBE2010] s27a,XB?,19 53 51.48 +18 46 00.5,16.06,15.15,17.42,~,13.70,~,2,0,298.464499999,18.7668055555
57,160.87,91,2008A&A...486..941A,B,Cl* NGC 6838 KC 141,*iC,19 53 36.4 +18 45 32,~,16.57,15.34,~,~,~,4,0,298.401666666,18.7588888888
58,84.22,100,2008ApJ...682.1217K,B,2MASS J19534817+1845243,RG*,19 53 48.173 +18 45 24.34,~,15.01,14.08,~,13.05,~,2,0,298.450720833,18.7567611111
59,74.25,100,2009A&A...505..117C,B,2MASS J19535018+1845525,RG*,19 53 50.186 +18 45 52.58,~,16.023,14.914,~,~,~,7,0,298.459108333,18.7646055555
60,75.68,80,2010A&A...513A..16H,S,[HBE2010] s01,XB?,19 53 41.45 +18 47 09.7,~,~,~,~,19.94,~,1,0,298.422708333,18.7860277777
61,313.86,100,2009MNRAS.393..272W,B,2MASS J19533964+1841466,RG*,19 53 39.649 +18 41 46.66,~,~,~,~,~,~,3,0,298.415204166,18.6962944444
62,190.71,100,2008ApJ...682.1217K,B,[KGS2008] J195357.6+184458,RG*,19 53 57.6 +18 44 58,~,14.65,13.74,~,12.70,~,1,0,298.489999999,18.7494444444
63,165.87,100,2001A&A...373..159C,B,2MASS J19533747+1844596,RG*,19 53 37.474 +18 44 59.67,~,14.69,13.10,~,~,G...,38,0,298.406141666,18.7499083333
64,143.54,~,2008A&A...486..941A,B,Cl* NGC 6838 ASC 1716,*iC,19 53 55.8 +18 47 41,~,~,~,~,~,~,1,0,298.482499999,18.7947222222
65,60.76,50,2010A&A...513A..16H,S,[HBE2010] s25,X,19 53 50.71 +18 46 55.1,~,~,~,~,23.3,~,1,0,298.461291666,18.7819722222
66,103.46,100,2001A&A...373..159C,B,NGC 6838 1056,*iC,19 53 48.286 +18 48 25.37,~,14.62,13.25,~,~,~,13,0,298.451191666,18.8070472222
67,79.6,100,2009A&A...505..117C,B,2MASS J19534186+1846001,RG*,19 53 41.862 +18 46 00.20,~,16.036,14.906,~,~,~,1,0,298.424425,18.7667222222
68,295.32,100,2009MNRAS.393..272W,B,2MASS J19534463+1851392,RG*,19 53 44.634 +18 51 39.24,~,15.497,14.257,~,~,G9III,5,0,298.435975,18.8609
69,131.56,100,2011AJ....141...89S,B,2MASS J19534178+1848384,RG*,19 53 41.788 +18 48 38.46,~,15.9,14.59,~,~,G...,18,0,298.424116666,18.8106833333
70,350.13,0,2009MNRAS.393..272W,B,2MASS J19532504+1849379,*,19 53 25.046 +18 49 37.95,~,~,~,~,~,~,1,0,298.354358333,18.8272083333
71,136.05,94,2008A&A...486..941A,B,Cl* NGC 6838 KC 202,*iC,19 53 50.6 +18 48 48,~,16.29,15.17,~,~,~,4,0,298.460833333,18.8133333333
72,1.21,100,2009A&A...505..117C,B,2MASS J19534643+1846459,RG*,19 53 46.432 +18 46 45.99,~,16.043,14.924,~,~,~,2,0,298.443466666,18.7794416666
73,157.25,92,2008A&A...486..941A,B,Cl* NGC 6838 KC 170,*iC,19 53 56.1 +18 45 27,~,16.71,15.57,~,~,~,4,0,298.483749999,18.7575
74,60.89,100,2008ApJ...682.1217K,B,2MASS J19534227+1846563,RG*,19 53 42.276 +18 46 56.34,~,14.97,14.04,~,13.00,~,4,0,298.426149999,18.7823166666
75,101.41,100,2001A&A...373..159C,B,2MASS J19535351+1847033,RG*,19 53 53.514 +18 47 03.36,~,14.183,12.393,~,~,M3,21,0,298.472974999,18.7842666666
76,79.83,80,2010A&A...513A..16H,S,[P2009] NGC 6838-1,XB*,19 53 42.62 +18 45 47.2,~,~,~,~,16.32,~,2,0,298.427583333,18.7631111111
77,102.84,69,2008A&A...486..941A,B,Cl* NGC 6838 KC 196,*iC,19 53 52.7 +18 47 38,~,16.77,15.60,~,~,~,4,0,298.469583333,18.7938888888
78,173.99,100,2009A&A...505..117C,B,2MASS J19535764+1847570,RG*,19 53 57.644 +18 47 57.09,~,14.896,13.563,~,~,~,5,0,298.490183333,18.7991916666
79,45.3,92,2008A&A...486..941A,B,Cl* NGC 6838 ASC 1325,*iC,19 53 44.328 +18 47 18.41,~,15.59,14.48,~,~,~,4,0,298.434699999,18.7884472222
80,194.26,100,2008ApJ...682.1217K,B,[KGS2008] J195332.9+184623,RG*,19 53 32.9 +18 46 23,~,12.79,11.66,~,10.55,~,1,0,298.387083333,18.7730555555
81,107.67,100,2009A&A...505..139C,B,2MASS J19535150+1848059,RG*,19 53 51.501 +18 48 05.91,~,14.081,12.339,9.7,~,M0:,32,0,298.4645875,18.8016416666
82,131.56,100,2011AJ....142..126S,B,2MASS J19534178+1848384,RG*,19 53 41.788 +18 48 38.46,~,15.9,14.59,~,~,G...,18,0,298.424116666,18.8106833333
83,60.24,0,2010A&A...513A..16H,S,[HBE2010] s24,X,19 53 49.81 +18 46 07.6,~,20.3,~,~,18.16,~,1,0,298.457541666,18.7687777777
84,234.66,100,2009MNRAS.393..272W,B,2MASS J19533399+1849186,RG*,19 53 33.996 +18 49 18.69,~,~,~,~,~,~,1,0,298.391649999,18.8218583333
85,50.31,89,2008A&A...486..941A,B,Cl* NGC 6838 ASC 2001,*iC,19 53 43.6 +18 46 16,~,15.2,14.33,~,~,~,3,0,298.431666666,18.7711111111
86,103.77,~,2008A&A...486..941A,B,Cl* NGC 6838 ASC 2013,*iC,19 53 49.6 +18 48 19,~,~,~,~,~,~,1,0,298.456666666,18.8052777777
87,112.13,92,2008A&A...486..941A,B,Cl* NGC 6838 ASC 484,*iC,19 53 48.708 +18 48 32.72,~,15.42,14.34,~,~,~,3,0,298.452949999,18.8090888888
88,192.41,100,2009A&A...505..117C,B,2MASS J19533918+1844030,RG*,19 53 39.188 +18 44 03.04,~,15.312,13.972,~,~,~,1,0,298.413283333,18.7341777777
89,45.47,100,2008ApJ...682.1217K,B,2MASS J19534874+1847174,RG*,19 53 48.743 +18 47 17.41,~,14.55,13.72,~,12.78,~,14,0,298.453095833,18.7881694444
90,89.43,80,2010A&A...513A..16H,S,2MASS J19535278+1846475,CV*,19 53 52.785 +18 46 47.54,21.0,~,~,~,20.76,~,1,0,298.469937499,18.7798722222
91,32.57,100,2008ApJ...682.1217K,B,[KGS2008] J195347.4+184715,RG*,19 53 47.4 +18 47 15,~,14.24,13.45,~,12.55,~,1,0,298.447499999,18.7875
92,170.29,0,2009MNRAS.393..272W,B,2MASS J19534203+1849231,*,19 53 42.030 +18 49 23.18,~,~,~,~,~,~,1,0,298.425125,18.8231055555
93,90.75,100,2009A&A...505..117C,B,2MASS J19534157+1847430,RG*,19 53 41.571 +18 47 43.03,~,16.14,14.85,~,~,~,23,0,298.423212499,18.7952861111
94,35.32,80,2010A&A...513A..16H,S,[HBE2010] s19c,XB?,19 53 48.86 +18 46 34.4,~,~,~,~,20.04,~,1,0,298.453583333,18.7762222222
95,162.86,~,2008A&A...486..941A,B,Cl* NGC 6838 ASC 6786,*iC,19 53 50.4 +18 44 12,~,~,~,~,~,~,1,0,298.459999999,18.7366666666
96,144.09,~,2008A&A...486..941A,B,Cl* NGC 6838 ASC 8076,*iC,19 53 55.9 +18 47 39,~,~,~,~,~,~,1,0,298.482916666,18.7941666666
97,148.02,100,2008ApJ...682.1217K,B,[KGS2008] J195336.4+184608,RG*,19 53 36.4 +18 46 08,~,15.19,14.19,~,13.10,~,1,0,298.401666666,18.7688888888
98,35.01,80,2010A&A...513A..16H,S,[HBE2010] s19b,XB?,19 53 48.83 +18 46 34.1,19.52,18.93,~,~,18.05,~,1,0,298.453458333,18.7761388888
99,97.61,~,2008A&A...486..941A,B,Cl* NGC 6838 ASC 1161,*iC,19 53 48.6 +18 48 18,~,~,~,~,~,~,1,0,298.4525,18.805
100,60.75,100,2009A&A...505..117C,B,2MASS J19534253+1847083,RG*,19 53 42.538 +18 47 08.35,~,15.99,14.79,~,~,G...,16,0,298.427241666,18.7856527777
101,84.08,93,2008A&A...486..941A,B,[KGS2008] J195343.2+184755,RG*,19 53 43.2 +18 47 55,~,15.40,14.56,~,13.62,~,5,0,298.429999999,18.7986111111
102,241.94,100,2011AJ....141...89S,B,[SLB2011b] 298.51460+18.78293,*,19 54 03.50 +18 46 58.5,~,~,~,~,~,~,1,0,298.514583333,18.7829166666
103,158.99,99,2008A&A...486..941A,B,Cl* NGC 6838 ASC 4,*iC,19 53 35.6 +18 47 22,~,18.55,17.59,~,~,~,1,0,298.398333333,18.7894444444
104,61.59,~,2008A&A...486..941A,B,Cl* NGC 6838 ASC 5871,*iC,19 53 47.5 +18 47 45,~,~,~,~,~,~,1,0,298.447916666,18.7958333333
105,166.38,38,2008A&A...486..941A,B,Cl* NGC 6838 KC 125,*iC,19 53 36.1 +18 48 02,~,16.44,15.32,~,~,~,2,0,298.400416666,18.8005555555
106,181.74,100,2009A&A...505..117C,B,2MASS J19534582+1843435,RG*,19 53 45.827 +18 43 43.60,~,16.039,14.943,~,~,~,1,0,298.440945833,18.7287777777
107,81.13,100,2013AJ....146..133M,B,2MASS J19534827+1848021,RG*,19 53 48.274 +18 48 02.17,~,14.080,12.346,~,~,~,33,0,298.451141666,18.8006027777
108,9.81,~,2008A&A...486..941A,B,Cl* NGC 6838 ASC 10927,*iC,19 53 46.9 +18 46 53,~,~,~,~,~,~,1,0,298.445416666,18.7813888888
109,90.72,80,2008A&A...486..941A,B,Cl* NGC 6838 ASC 792,*iC,19 53 42.1 +18 47 51,~,17.67,16.64,~,~,~,1,0,298.425416666,18.7975000000
110,171.91,90,2008A&A...486..941A,B,2MASS J19534108+1844112,HB*,19 53 41.090 +18 44 11.25,~,15.54,14.48,~,~,G...,19,0,298.421208333,18.7364583333
111,117.33,100,2008ApJ...682.1217K,B,2MASS J19534274+1845004,RG*,19 53 42.750 +18 45 00.48,~,14.94,14.04,~,13.04,~,5,0,298.428124999,18.7501333333
112,73.74,80,2008A&A...486..941A,B,Cl* NGC 6838 ASC 921,*iC,19 53 51.6 +18 46 32,~,17.25,16.53,~,~,~,1,0,298.465,18.7755555555
113,88.8,100,2008ApJ...682.1217K,B,[KGS2008] J195351.8+184732,RG*,19 53 51.8 +18 47 32,~,15.78,14.94,~,14.01,~,1,0,298.465833333,18.7922222222
114,70.47,95,2008A&A...486..941A,B,2MASS J19534575+1847547,RG*,19 53 45.757 +18 47 54.80,~,14.255,12.482,~,~,~,24,0,298.440654166,18.7985555555
115,65.26,~,2008A&A...486..941A,B,Cl* NGC 6838 ASC 1087,*iC,19 53 41.9 +18 46 42,~,~,~,~,~,~,1,0,298.424583333,18.7783333333
116,521.4,100,2011AJ....141...89S,B,[SLB2011b] 298.59664+18.78314,*,19 54 23.191 +18 46 59.27,~,~,~,~,~,~,1,0,298.596629166,18.7831305555
117,37.37,80,2008A&A...486..941A,B,Cl* NGC 6838 ASC 488,*iC,19 53 48.8 +18 47 03,~,17.59,16.83,~,~,~,1,0,298.453333333,18.7841666666
118,136.83,100,2001A&A...373..159C,B,2MASS J19533717+1847201,RG*,19 53 37.177 +18 47 20.19,~,13.29,12.01,~,10.70,~,19,0,298.404904166,18.7889416666
119,65.75,~,2008A&A...486..941A,B,NAME M J,*iC,19 53 50.628 +18 47 14.60,~,~,~,~,~,~,1,0,298.460949999,18.7873888888
120,45.23,80,2010A&A...513A..16H,S,2MASS J19534895+1847138,XB*,19 53 48.950 +18 47 13.83,16.16,15.21,14.87,~,13.61,~,3,0,298.453958333,18.787175
121,114.64,100,2009A&A...505..117C,B,2MASS J19534521+1848383,RG*,19 53 45.218 +18 48 38.31,~,16.028,14.934,~,~,~,1,0,298.438408333,18.8106416666
122,133.88,100,2009MNRAS.393..272W,B,2MASS J19533757+1847286,RG*,19 53 37.574 +18 47 28.60,~,14.447,12.762,~,~,~,32,0,298.406558333,18.7912777777
123,95.93,0,2008A&A...486..941A,B,Cl* NGC 6838 ASC 294,*iC,19 53 41.0 +18 47 41,~,17.14,16.31,~,~,~,1,0,298.420833333,18.7947222222
124,173.99,100,2013AJ....146..133M,B,2MASS J19535764+1847570,RG*,19 53 57.644 +18 47 57.09,~,14.896,13.563,~,~,~,5,0,298.490183333,18.7991916666
125,109.85,80,2008A&A...486..941A,B,Cl* NGC 6838 ASC 328,*iC,19 53 42.5 +18 45 11,~,17.22,16.52,~,~,~,1,0,298.427083333,18.7530555555
126,153.91,94,2008A&A...486..941A,B,Cl* NGC 6838 ASC 640,*iC,19 53 55.605 +18 48 08.37,~,15.46,14.39,~,~,~,3,0,298.481687499,18.802325
127,33.72,94,2008A&A...486..941A,B,Cl* NGC 6838 ASC 5843,*iC,19 53 47.371 +18 47 16.41,~,15.24,14.22,~,~,~,3,0,298.447379166,18.7878916666
128,55.27,94,2008A&A...486..941A,B,Cl* NGC 6838 ZDA 12,*iC,19 53 47.723 +18 47 37.52,~,15.32,14.26,~,~,~,7,0,298.448845833,18.7937555555
129,56.62,80,2010A&A...513A..16H,S,[HBE2010] s03b,XB?,19 53 43.62 +18 47 24.4,19.32,19.09,~,~,18.11,~,1,0,298.431749999,18.7901111111
130,136.84,96,2008A&A...486..941A,B,Cl* NGC 6838 ASC 78,*iC,19 53 53.5 +18 48 19,~,18.87,18.08,~,~,~,1,0,298.472916666,18.8052777777
131,175.53,100,2008ApJ...682.1217K,B,[KGS2008] J195358.6+184610,RG*,19 53 58.6 +18 46 10,~,16.53,15.70,~,14.74,~,1,0,298.494166666,18.7694444444
132,118.15,51,2008A&A...486..941A,B,Cl* NGC 6838 ASC 13,*iC,19 53 38.177 +18 46 49.76,~,15.54,14.08,~,~,~,9,0,298.409070833,18.7804888888
133,63.09,100,2011AJ....142..126S,B,[SLB2011b] 298.44854+18.76227,RG*,19 53 47.65 +18 45 44.2,~,15.12,14.22,~,13.23,~,7,0,298.448541666,18.7622777777
134,81.13,100,2001A&A...373..159C,B,2MASS J19534827+1848021,RG*,19 53 48.274 +18 48 02.17,~,14.080,12.346,~,~,~,33,0,298.451141666,18.8006027777
135,32.26,~,2008A&A...486..941A,B,Cl* NGC 6838 ASC 10218,*iC,19 53 44.6 +18 47 03,~,~,16.03,~,~,~,4,0,298.435833333,18.7841666666
136,68.26,~,2008A&A...486..941A,B,Cl* NGC 6838 ASC 387,*iC,19 53 45.0 +18 47 50,~,~,~,~,~,~,1,0,298.437499999,18.7972222222
137,103.77,94,2008A&A...486..941A,B,Cl* NGC 6838 ASC 242,*iC,19 53 39.2 +18 46 38,~,18.55,17.56,~,~,~,1,0,298.413333333,18.7772222222
138,66.78,~,2008A&A...486..941A,B,Cl* NGC 6838 ASC 7014,*iC,19 53 51.0 +18 47 04,~,~,~,~,~,~,1,0,298.4625,18.7844444444
139,36.15,0,2008A&A...486..941A,B,Cl* NGC 6838 KC 252,*iC,19 53 48.4 +18 47 09,~,16.07,15.38,~,~,~,2,0,298.451666666,18.7858333333
140,140.0,100,2008ApJ...682.1217K,B,[KGS2008] J195352.3+184452,RG*,19 53 52.3 +18 44 52,~,14.29,13.29,~,12.16,~,1,0,298.467916666,18.7477777777
141,141.15,100,2008ApJ...682.1217K,B,[KGS2008] J195340.1+184457,RG*,19 53 40.1 +18 44 57,~,15.88,14.97,~,13.94,~,1,0,298.417083333,18.7491666666
142,164.0,100,2009A&A...505..117C,B,2MASS J19533961+1844333,RG*,19 53 39.619 +18 44 33.30,~,14.91,13.97,~,12.89,~,2,0,298.415079166,18.7425833333
143,76.08,50,2010A&A...513A..16H,S,[HBE2010] s14c,?,19 53 47.47 +18 47 59.9,~,~,~,~,23.46,~,1,0,298.447791666,18.7999722222
144,63.09,100,2011AJ....141...89S,B,[SLB2011b] 298.44854+18.76227,RG*,19 53 47.65 +18 45 44.2,~,15.12,14.22,~,13.23,~,7,0,298.448541666,18.7622777777
145,71.43,~,2008A&A...486..941A,B,Cl* NGC 6838 ASC 12299,*iC,19 53 51.3 +18 47 06,~,~,~,~,~,~,1,0,298.463749999,18.785
146,76.18,20,2010A&A...513A..16H,S,[HBE2010] s14a,?,19 53 47.43 +18 48 00.1,~,~,~,~,20.87,~,1,0,298.447624999,18.8000277777
147,30.08,~,2008A&A...486..941A,B,Cl* NGC 6838 ASC 6079,*iC,19 53 48.0 +18 46 24,~,~,~,~,~,~,1,0,298.449999999,18.7733333333
148,115.46,~,2008A&A...486..941A,B,Cl* NGC 6838 ASC 6868,*iC,19 53 50.8 +18 48 23,~,~,~,~,~,~,1,0,298.461666666,18.8063888888
149,26.43,100,2001A&A...373..159C,B,Cl* NGC 6838 AH I,*iC,19 53 44.77 +18 46 35.0,~,13.94,12.38,~,~,~,23,0,298.436541666,18.7763888888
150,81.58,80,2010A&A...513A..16H,S,[HBE2010] s12,XB?,19 53 47.23 +18 48 06.0,16.40,15.60,~,~,14.82,~,1,0,298.446791666,18.8016666666
151,145.64,100,2008ApJ...682.1217K,B,[KGS2008] J195355.7+184751,RG*,19 53 55.6 +18 47 52,~,15.18,14.26,~,13.24,~,5,0,298.481666666,18.7977777777
152,52.91,~,2008A&A...486..941A,B,Cl* NGC 6838 ASC 6761,*iC,19 53 50.2 +18 46 50,~,~,~,~,~,~,1,0,298.459166666,18.7805555555
153,42.92,80,2008A&A...486..941A,B,Cl* NGC 6838 ASC 888,*iC,19 53 49.0 +18 47 09,~,18.76,17.39,~,~,~,1,0,298.454166666,18.7858333333
154,91.64,~,2008A&A...486..941A,B,Cl* NGC 6838 ASC 2045,*iC,19 53 40.3 +18 47 11,~,~,~,~,~,~,1,0,298.417916666,18.7863888888
155,126.12,8,2008A&A...486..941A,B,Cl* NGC 6838 KC 298,*iC,19 53 38.6 +18 47 43,~,17.37,16.15,~,~,~,2,0,298.410833333,18.7952777777
156,135.69,~,2008A&A...486..941A,B,Cl* NGC 6838 ASC 574,*iC,19 53 52.8 +18 48 27,~,~,~,~,~,~,1,0,298.469999999,18.8075
157,52.35,100,2008ApJ...682.1217K,B,2MASS J19535011+1846355,RG*,19 53 50.114 +18 46 35.55,~,15.06,14.12,~,13.10,~,3,0,298.458808333,18.7765416666
158,70.32,~,2008A&A...486..941A,B,Cl* NGC 6838 ASC 1815,*iC,19 53 51.4 +18 46 36,~,~,~,~,~,~,1,0,298.464166666,18.7766666666
159,196.1,100,2009A&A...505..139C,B,2MASS J19533986+1843530,RG*,19 53 39.868 +18 43 53.03,~,14.59,13.01,~,~,~,34,0,298.416116666,18.7313972222
160,96.05,100,2013AJ....146..133M,B,2MASS J19535325+1846471,AB*,19 53 53.252 +18 46 47.13,~,14.03,12.28,~,~,A...,46,0,298.471883333,18.7797583333
161,23.93,~,2008A&A...486..941A,B,Cl* NGC 6838 ASC 5412,*iC,19 53 46.0 +18 47 08,~,~,~,~,~,~,1,0,298.441666666,18.7855555555
162,170.94,85,2008A&A...486..941A,B,Cl* NGC 6838 KC 152,*iC,19 53 39.8 +18 44 23,~,16.29,15.03,~,~,~,3,0,298.415833333,18.7397222222
163,221.85,100,2009MNRAS.393..272W,B,2MASS J19535983+1844498,RG*,19 53 59.836 +18 44 49.83,~,~,~,~,~,~,1,0,298.499316666,18.7471750000
164,37.21,100,2009A&A...505..117C,B,2MASS J19534407+1846596,RG*,19 53 44.080 +18 46 59.69,~,14.51,13.50,~,12.42,~,5,0,298.433666666,18.7832472222
165,114.01,80,2008A&A...486..941A,B,Cl* NGC 6838 ASC 2984,*iC,19 53 38.5 +18 46 34,~,17.86,17.02,~,~,~,1,0,298.410416666,18.7761111111
166,136.19,97,2008A&A...486..941A,B,Cl* NGC 6838 ASC 619,*iC,19 53 54.5 +18 48 00,~,18.74,17.94,~,~,~,1,0,298.477083333,18.8
167,45.79,100,2009A&A...505..117C,B,2MASS J19534908+1846179,RG*,19 53 49.086 +18 46 17.95,~,15.936,14.868,~,~,~,3,0,298.454525,18.7716527777
168,119.58,100,2009A&A...505..117C,B,2MASS J19534854+1844491,RG*,19 53 48.545 +18 44 49.14,~,15.65,14.49,~,~,~,18,0,298.452270833,18.7469833333
169,96.05,100,2001A&A...373..159C,B,2MASS J19535325+1846471,AB*,19 53 53.252 +18 46 47.13,~,14.03,12.28,~,~,A...,46,0,298.471883333,18.7797583333
170,39.09,20,2010A&A...513A..16H,S,[HBE2010] s16,X,19 53 48.02 +18 47 17.6,19.9,18.62,~,~,16.88,~,1,0,298.450083333,18.7882222222
171,44.03,100,2009A&A...505..117C,B,2MASS J19534467+1846093,RG*,19 53 44.677 +18 46 09.38,~,15.76,14.61,~,~,~,3,0,298.436154166,18.7692722222
172,9.59,50,2010A&A...513A..16H,S,[HBE2010] s10,X,19 53 46.68 +18 46 35.9,~,~,~,~,23.4,~,1,0,298.444499999,18.7766388888
173,331.52,100,2008ApJ...682.1217K,B,[KGS2008] J195409.6+184732,RG*,19 54 09.6 +18 47 32,~,14.41,13.56,~,12.63,~,1,0,298.539999999,18.7922222222
174,149.03,97,2008A&A...486..941A,B,Cl* NGC 6838 ASC 1035,*iC,19 53 36.0 +18 46 41,~,18.52,17.57,~,~,~,1,0,298.4,18.7780555555
175,86.08,93,2008A&A...486..941A,B,Cl* NGC 6838 ASC 1181,*iC,19 53 51.1 +18 47 41,~,18.59,17.79,~,~,~,1,0,298.462916666,18.7947222222
176,83.13,0,2008A&A...486..941A,B,Cl* NGC 6838 KC 363,*iC,19 53 52.3 +18 46 35,~,17.79,16.36,~,~,~,2,0,298.467916666,18.7763888888
177,160.85,100,2009A&A...505..117C,B,2MASS J19533854+1844505,RG*,19 53 38.541 +18 44 50.53,~,15.904,14.779,~,~,~,1,0,298.410587499,18.7473694444
178,2.08,80,2010A&A...513A..16H,S,[HBE2010] s07,XB?,19 53 46.45 +18 46 47.1,16.26,15.16,~,~,13.89,~,1,0,298.443541666,18.77975
179,111.82,90,2008A&A...486..941A,B,Cl* NGC 6838 ASC 6548,*iC,19 53 49.4 +18 48 29,~,20.9,19.85,~,~,~,1,0,298.455833333,18.8080555555
180,343.3,100,2009MNRAS.393..272W,B,2MASS J19532342+1845023,RG*,19 53 23.427 +18 45 02.33,~,~,~,~,~,~,1,0,298.347612499,18.7506472222
181,130.02,~,2008A&A...486..941A,B,Cl* NGC 6838 ASC 1818,*iC,19 53 51.9 +18 48 30,~,~,~,~,~,~,1,0,298.466249999,18.8083333333
182,327.86,100,2011AJ....141...89S,B,BSNS 72,*,19 53 57.06 +18 51 36.6,~,~,~,~,~,~,2,0,298.487749999,18.8601666666
183,152.58,97,2008A&A...486..941A,B,Cl* NGC 6838 ASC 1926,*iC,19 53 36.147 +18 47 26.40,~,18.29,17.28,16.400,~,~,1,0,298.400612499,18.7906666666
184,10.11,~,2008A&A...486..941A,B,Cl* NGC 6838 ASC 439,*iC,19 53 46.8 +18 46 36,~,~,~,~,~,~,1,0,298.445,18.7766666666
185,41.28,100,2001A&A...373..159C,B,2MASS J19534615+1847261,RG*,19 53 46.15 +18 47 26.1,~,14.634,13.132,~,~,G...,34,0,298.442291666,18.7905833333
186,20.4,81,2008A&A...486..941A,B,2MASS J19534525+1846553,AB*,19 53 45.25 +18 46 55.4,~,13.52,12.27,~,10.95,A...,25,0,298.438541666,18.7820555555
187,45.98,50,2010A&A...513A..16H,S,[HBE2010] s05,X,19 53 44.39 +18 46 10.1,~,~,~,~,21.79,~,1,0,298.434958333,18.7694722222
188,123.75,0,2008A&A...486..941A,B,Cl* NGC 6838 KC 128,*iC,19 53 38.242 +18 47 25.03,~,16.56,15.19,~,~,~,2,0,298.409341666,18.7902861111
189,295.32,100,2009A&A...505..117C,B,2MASS J19534463+1851392,RG*,19 53 44.634 +18 51 39.24,~,15.497,14.257,~,~,G9III,5,0,298.435975,18.8609
190,121.56,80,2010A&A...513A..16H,S,[HBE2010] s54a,XB?,19 53 50.98 +18 48 28.6,~,~,~,~,14.46,~,1,0,298.462416666,18.8079444444
191,248.02,100,2011AJ....141...89S,B,2MASS J19534969+1850489,*,19 53 49.70 +18 50 48.9,~,~,13.44,~,~,G8III,3,0,298.457083333,18.8469166666
192,377.21,100,2008ApJ...682.1217K,B,[KGS2008] J195412.8+184737,RG*,19 54 12.8 +18 47 37,~,14.53,13.68,~,12.73,~,1,0,298.553333333,18.7936111111
193,107.67,93,2008A&A...486..941A,B,2MASS J19535150+1848059,RG*,19 53 51.501 +18 48 05.91,~,14.081,12.339,9.7,~,M0:,32,0,298.4645875,18.8016416666
194,115.84,100,2008ApJ...682.1217K,B,2MASS J19534980+1844592,RG*,19 53 49.820 +18 44 59.36,~,17.09,15.99,~,14.36,~,5,0,298.457583333,18.7498222222
195,131.56,89,2008A&A...486..941A,B,2MASS J19534178+1848384,RG*,19 53 41.788 +18 48 38.46,~,15.9,14.59,~,~,G...,18,0,298.424116666,18.8106833333
196,105.59,~,2008A&A...486..941A,B,Cl* NGC 6838 ASC 1934,*iC,19 53 39.3 +18 47 12,~,~,~,~,~,~,1,0,298.413749999,18.7866666666
197,27.49,80,2010A&A...513A..16H,S,[HBE2010] s06,XB?,19 53 45.17 +18 46 25.0,~,~,~,~,16.91,~,1,0,298.438208333,18.7736111111
198,96.05,100,2009MNRAS.393..272W,B,2MASS J19535325+1846471,AB*,19 53 53.252 +18 46 47.13,~,14.03,12.28,~,~,A...,46,0,298.471883333,18.7797583333
199,234.56,100,2008ApJ...682.1217K,B,[KGS2008] J195331.1+184520,RG*,19 53 31.1 +18 45 20,~,15.62,14.66,~,13.64,~,1,0,298.379583333,18.7555555555
200,169.01,100,2009MNRAS.393..272W,B,2MASS J19533470+1846213,RG*,19 53 34.707 +18 46 21.39,~,~,~,~,~,~,1,0,298.394612499,18.7726083333
201,84.46,80,2008A&A...486..941A,B,Cl* NGC 6838 ASC 1468,*iC,19 53 40.605 +18 46 57.28,~,18.11,17.30,~,~,~,1,0,298.419187499,18.7825777777
202,42.28,81,2008A&A...486..941A,B,Cl* NGC 6838 KC 234,*iC,19 53 45.2 +18 46 07,~,15.71,15.59,~,~,~,2,0,298.438333333,18.7686111111
203,13.41,64,2008A&A...486..941A,B,2MASS J19534721+1846537,RG*,19 53 47.211 +18 46 53.76,~,14.610,13.131,~,~,~,14,0,298.4467125,18.7815999999
204,171.98,100,2008ApJ...682.1217K,B,[KGS2008] J195334.4+184655,RG*,19 53 34.4 +18 46 55,~,15.26,14.30,~,13.22,~,1,0,298.393333333,18.7819444444
205,117.33,100,2009A&A...505..117C,B,2MASS J19534274+1845004,RG*,19 53 42.750 +18 45 00.48,~,14.94,14.04,~,13.04,~,5,0,298.428124999,18.7501333333
206,89.3,20,2010A&A...513A..16H,S,[HBE2010] s28a,?,19 53 52.74 +18 46 35.3,~,~,~,~,18.81,~,1,0,298.46975,18.7764722222
207,107.57,50,2010A&A...513A..16H,S,[HBE2010] s41,X,19 53 40.30 +18 47 47.1,~,~,~,~,20.77,~,1,0,298.417916666,18.7964166666
208,20.4,100,2008ApJ...682.1217K,B,2MASS J19534525+1846553,AB*,19 53 45.25 +18 46 55.4,~,13.52,12.27,~,10.95,A...,25,0,298.438541666,18.7820555555
209,159.03,100,2008ApJ...682.1217K,B,Cl* NGC 6838 KC 169,RG*,19 53 54.749 +18 44 57.72,~,14.38,13.57,14.06,12.60,~,12,1,298.478120833,18.7493666666
210,59.15,100,2008ApJ...682.1217K,B,[KGS2008] J195349.1+184559,RG*,19 53 49.1 +18 45 59,~,13.55,12.51,~,11.40,~,1,0,298.454583333,18.7663888888
211,188.31,100,2009A&A...505..117C,B,2MASS J19535276+1843591,RG*,19 53 52.763 +18 43 59.20,~,16.056,14.954,~,~,~,1,0,298.469845833,18.7331111111
212,122.72,100,2009A&A...505..117C,B,2MASS J19534668+1844424,RG*,19 53 46.682 +18 44 42.41,~,16.15,14.95,~,~,~,5,0,298.444508333,18.7451138888
213,101.41,100,2009A&A...505..139C,B,2MASS J19535351+1847033,RG*,19 53 53.514 +18 47 03.36,~,14.183,12.393,~,~,M3,21,0,298.472974999,18.7842666666
214,324.97,0,2009MNRAS.393..272W,B,BSNS 115,*,19 54 03.345 +18 50 24.93,~,~,14.99,~,~,K1.5III,3,0,298.513937499,18.8402583333
215,107.67,100,2001A&A...373..159C,B,2MASS J19535150+1848059,RG*,19 53 51.501 +18 48 05.91,~,14.081,12.339,9.7,~,M0:,32,0,298.4645875,18.8016416666
216,131.61,84,2008A&A...486..941A,B,Cl* NGC 6838 ASC 7677,*iC,19 53 53.8 +18 48 06,~,19,18.14,~,~,~,1,0,298.474166666,18.8016666666
217,295.41,100,2011AJ....141...89S,B,[SLB2011b] 298.52807+18.76042,*,19 54 06.736 +18 45 37.40,~,~,~,~,~,~,1,0,298.528066666,18.7603888888
218,164.0,95,2008A&A...486..941A,B,Cl* NGC 6838 KC 119,*iC,19 53 39.625 +18 48 56.98,~,15.63,14.52,~,~,~,2,0,298.415104166,18.8158277777
219,52.35,~,2008A&A...486..941A,B,2MASS J19535011+1846355,RG*,19 53 50.114 +18 46 35.55,~,15.06,14.12,~,13.10,~,3,0,298.458808333,18.7765416666
220,64.73,~,2008A&A...486..941A,B,2MASS J19534246+1847155,*iC,19 53 42.47 +18 47 15.6,~,~,~,~,~,~,0,0,298.426958333,18.7876666666
221,81.13,94,2008A&A...486..941A,B,2MASS J19534827+1848021,RG*,19 53 48.274 +18 48 02.17,~,14.080,12.346,~,~,~,33,0,298.451141666,18.8006027777
222,84.08,100,2008ApJ...682.1217K,B,[KGS2008] J195343.2+184755,RG*,19 53 43.2 +18 47 55,~,15.40,14.56,~,13.62,~,5,0,298.429999999,18.7986111111
223,164.0,100,2008ApJ...682.1217K,B,2MASS J19533961+1844333,RG*,19 53 39.619 +18 44 33.30,~,14.91,13.97,~,12.89,~,2,0,298.415079166,18.7425833333
224,48.08,~,2008A&A...486..941A,B,Cl* NGC 6838 ASC 813,*iC,19 53 43.3 +18 46 29,~,~,~,~,~,~,1,0,298.430416666,18.7747222222
225,98.59,0,2010A&A...513A..16H,S,[HBE2010] s49b,?,19 53 44.51 +18 48 19.6,~,~,~,~,18.35,~,1,0,298.435458333,18.8054444444
226,16.7,80,2008A&A...486..941A,B,Cl* NGC 6838 ASC 51,*iC,19 53 47.3 +18 46 33,~,18.01,17.30,~,~,~,1,0,298.447083333,18.7758333333
227,132.83,0,2008A&A...486..941A,B,Cl* NGC 6838 ASC 1219,*iC,19 53 54.4 +18 47 56,~,18.9,17.92,~,~,~,1,0,298.476666666,18.7988888888
228,188.04,100,2009A&A...505..117C,B,2MASS J19534990+1849467,RG*,19 53 49.905 +18 49 46.78,~,15.764,14.593,~,~,~,1,0,298.457937499,18.8296611111
229,145.64,85,2008A&A...486..941A,B,[KGS2008] J195355.7+184751,RG*,19 53 55.6 +18 47 52,~,15.18,14.26,~,13.24,~,5,0,298.481666666,18.7977777777
230,89.03,100,2008ApJ...682.1217K,B,[KGS2008] J195351.3+184548,RG*,19 53 51.3 +18 45 48,~,15.81,15.06,~,14.16,~,1,0,298.463749999,18.7633333333
231,42.43,80,2010A&A...513A..16H,S,[HBE2010] s18,XB*,19 53 48.84 +18 46 18.9,17.25,16.96,~,~,15.92,~,1,0,298.453499999,18.7719166666
232,108.21,~,2008A&A...486..941A,B,NGC 6838 1029,*iC,19 53 54.000 +18 47 03.41,~,14.60,12.76,~,~,~,10,0,298.474999999,18.7842805555
233,88.14,100,2008ApJ...682.1217K,B,[KGS2008] J195341.0+184604,RG*,19 53 41.0 +18 46 04,~,13.58,12.50,~,11.39,~,1,0,298.420833333,18.7677777777
234,95.73,~,2008A&A...486..941A,B,Cl* NGC 6838 ASC 1294,*iC,19 53 40.3 +18 47 23,~,~,~,~,~,~,1,0,298.417916666,18.7897222222
235,52.35,100,2009A&A...505..117C,B,2MASS J19535011+1846355,RG*,19 53 50.114 +18 46 35.55,~,15.06,14.12,~,13.10,~,3,0,298.458808333,18.7765416666
236,99.03,0,2010A&A...513A..16H,S,[HBE2010] s49a,?,19 53 44.52 +18 48 20.1,~,19.87,~,~,16.72,~,1,0,298.435499999,18.8055833333
237,24.85,39,2008A&A...486..941A,B,Cl* NGC 6838 KC 267,*iC,19 53 45.1 +18 46 30,~,16.13,15.69,~,~,~,2,0,298.437916666,18.775
238,73.62,~,2008A&A...486..941A,B,Cl* NGC 6838 ASC 11907,*iC,19 53 49.6 +18 47 44,~,~,~,~,~,~,1,0,298.456666666,18.7955555555
239,29.82,100,2008ApJ...682.1217K,B,[KGS2008] J195344.5+184647,RG*,19 53 44.4 +18 46 48,~,15.64,14.76,~,13.78,~,7,0,298.434999999,18.7799999999
240,70.47,100,2001A&A...373..159C,B,2MASS J19534575+1847547,RG*,19 53 45.757 +18 47 54.80,~,14.255,12.482,~,~,~,24,0,298.440654166,18.7985555555
241,133.88,100,2001A&A...373..159C,B,2MASS J19533757+1847286,RG*,19 53 37.574 +18 47 28.60,~,14.447,12.762,~,~,~,32,0,298.406558333,18.7912777777
242,90.77,0,2008A&A...486..941A,B,Cl* NGC 6838 KC 223,*iC,19 53 40.1 +18 46 43,~,16.5,15.54,~,~,~,2,0,298.417083333,18.7786111111
243,265.13,100,2011AJ....141...89S,B,2MASS J19534707+1842201,RG*,19 53 47.077 +18 42 20.10,~,~,~,~,~,~,2,0,298.446154166,18.7055833333
244,61.34,90,2008A&A...486..941A,B,Cl* NGC 6838 ASC 1124,*iC,19 53 44.806 +18 45 48.61,~,15.25,14.26,~,~,~,5,0,298.436691666,18.7635027777
245,265.13,100,2011AJ....142..126S,B,2MASS J19534707+1842201,RG*,19 53 47.077 +18 42 20.10,~,~,~,~,~,~,2,0,298.446154166,18.7055833333
246,64.08,80,2010A&A...513A..16H,S,[EHC2008] s23,XB?,19 53 49.434 +18 45 56.54,18.11,17.75,~,~,16.73,~,1,0,298.455974999,18.7657055555
247,154.98,98,2008A&A...486..941A,B,Cl* NGC 6838 ASC 3,*iC,19 53 35.6 +18 46 35,~,18.03,16.92,~,~,~,1,0,298.398333333,18.7763888888
248,168.76,100,2008ApJ...682.1217K,B,[KGS2008] J195335.2+184557,RG*,19 53 35.1 +18 45 57,~,15.02,14.05,~,12.99,~,6,0,298.396249999,18.7658333333
249,95.26,~,2008A&A...486..941A,B,Cl* NGC 6838 ASC 1894,*iC,19 53 48.9 +18 48 14,~,~,~,~,~,~,1,0,298.453749999,18.8038888888
250,161.79,100,2008ApJ...682.1217K,B,[KGS2008] J195336.0+184542,RG*,19 53 36.0 +18 45 42,~,16.48,15.59,~,14.61,~,1,0,298.4,18.7616666666
251,131.82,100,2008ApJ...682.1217K,B,2MASS J19533864+1847554,RG*,19 53 38.640 +18 47 55.45,~,14.49,13.37,~,12.23,~,7,0,298.411,18.7987361111
252,21.18,~,2008A&A...486..941A,B,Cl* NGC 6838 ASC 5964,*iC,19 53 47.9 +18 46 52,~,~,~,~,~,~,1,0,298.449583333,18.7811111111
253,63.09,100,2008ApJ...682.1217K,B,[SLB2011b] 298.44854+18.76227,RG*,19 53 47.65 +18 45 44.2,~,15.12,14.22,~,13.23,~,7,0,298.448541666,18.7622777777
254,165.87,100,2009A&A...505..139C,B,2MASS J19533747+1844596,RG*,19 53 37.474 +18 44 59.67,~,14.69,13.10,~,~,G...,38,0,298.406141666,18.7499083333
255,138.61,82,2008A&A...486..941A,B,Cl* NGC 6838 ASC 951,*iC,19 53 53.4 +18 48 23,~,18.85,18.08,~,~,~,1,0,298.472499999,18.8063888888
256,59.52,0,2008A&A...486..941A,B,Cl* NGC 6838 KC 374,*iC,19 53 44.1 +18 47 34,~,17.5,16.27,~,~,~,2,0,298.43375,18.7927777777
257,313.86,100,2011AJ....141...89S,B,2MASS J19533964+1841466,RG*,19 53 39.649 +18 41 46.66,~,~,~,~,~,~,3,0,298.415204166,18.6962944444
258,95.24,~,2008A&A...486..941A,B,Cl* NGC 6838 ASC 2154,*iC,19 53 53.0 +18 47 08,~,~,~,~,~,~,1,0,298.470833333,18.7855555555
259,35.34,80,2010A&A...513A..16H,S,[HBE2010] s19a,XB?,19 53 48.85 +18 46 33.9,18.20,17.79,~,~,16.50,~,1,0,298.453541666,18.7760833333
260,131.76,95,2008A&A...486..941A,B,Cl* NGC 6838 ASC 207,*iC,19 53 38.139 +18 47 42.52,~,17.75,17.00,~,~,~,1,0,298.4089125,18.7951444444
261,76.03,100,2008ApJ...682.1217K,B,[KGS2008] J195350.9+184602,RG*,19 53 50.9 +18 46 02,~,15.48,14.58,~,13.58,~,1,0,298.462083333,18.7672222222
262,334.2,100,2008ApJ...682.1217K,B,[KGS2008] J195406.4+184347,RG*,19 54 06.4 +18 43 47,~,16.37,15.57,~,14.64,~,1,0,298.526666666,18.7297222222
263,106.32,100,2009A&A...505..117C,B,2MASS J19535144+1845253,RG*,19 53 51.443 +18 45 25.38,~,15.978,14.877,~,~,~,1,0,298.464345833,18.75705
264,55.93,80,2010A&A...513A..16H,S,[HBE2010] s03a,XB?,19 53 43.66 +18 47 24.0,18.68,18.35,~,~,17.56,~,1,0,298.431916666,18.7900000000
265,120.87,50,2010A&A...513A..16H,S,[HBE2010] s54b,?,19 53 50.91 +18 48 28.4,~,~,~,~,20.72,~,1,0,298.462124999,18.8078888888
266,359.29,0,2009MNRAS.393..272W,B,2MASS J19541097+1848157,*,19 54 10.972 +18 48 15.79,~,~,~,~,~,~,1,0,298.545716666,18.8043861111
267,313.86,100,2011AJ....142..126S,B,2MASS J19533964+1841466,RG*,19 53 39.649 +18 41 46.66,~,~,~,~,~,~,3,0,298.415204166,18.6962944444
268,61.2,100,2009MNRAS.393..272W,B,2MASS J19534282+1846129,RG*,19 53 42.825 +18 46 12.91,~,15.2,14.21,~,~,~,3,0,298.4284375,18.7702527777
269,59.58,100,2009A&A...505..117C,B,2MASS J19534796+1845493,RG*,19 53 47.965 +18 45 49.32,~,15.487,14.292,~,~,~,1,0,298.449854166,18.7637
270,37.21,100,2008ApJ...682.1217K,B,2MASS J19534407+1846596,RG*,19 53 44.080 +18 46 59.69,~,14.51,13.50,~,12.42,~,5,0,298.433666666,18.7832472222
271,43.89,100,2009A&A...505..117C,B,2MASS J19534423+1847151,RG*,19 53 44.235 +18 47 15.12,~,16.020,14.865,~,~,~,3,0,298.4343125,18.7875333333
272,133.88,100,2013AJ....146..133M,B,2MASS J19533757+1847286,RG*,19 53 37.574 +18 47 28.60,~,14.447,12.762,~,~,~,32,0,298.406558333,18.7912777777
273,96.05,94,2008A&A...486..941A,B,2MASS J19535325+1846471,AB*,19 53 53.252 +18 46 47.13,~,14.03,12.28,~,~,A...,46,0,298.471883333,18.7797583333
274,19.61,80,2010A&A...513A..16H,S,[HBE2010] s08,Psr,19 53 46.44 +18 47 04.7,~,~,~,~,19.96,~,1,0,298.443499999,18.7846388888
275,173.99,100,2009MNRAS.393..272W,B,2MASS J19535764+1847570,RG*,19 53 57.644 +18 47 57.09,~,14.896,13.563,~,~,~,5,0,298.490183333,18.7991916666
276,119.65,~,2008A&A...486..941A,B,Cl* NGC 6838 ASC 1561,*iC,19 53 51.8 +18 48 18,~,~,~,~,~,~,1,0,298.465833333,18.805
277,32.04,100,2009A&A...505..117C,B,2MASS J19534802+1847086,RG*,19 53 48.022 +18 47 08.62,~,15.469,14.292,~,~,~,18,0,298.450091666,18.7857277777
278,68.39,50,2010A&A...513A..16H,S,[HBE2010] s21,X,19 53 49.38 +18 45 50.4,~,~,~,~,26.5,~,1,0,298.455749999,18.764
279,101.73,~,2008A&A...486..941A,B,Cl* NGC 6838 ASC 314,*iC,19 53 41.8 +18 48 02,~,~,~,~,~,~,1,0,298.424166666,18.8005555555
280,113.35,96,2008A&A...486..941A,B,Cl* NGC 6838 ASC 221,*iC,19 53 38.576 +18 46 30.43,~,16.11,14.87,~,~,~,17,0,298.410733333,18.7751194444
281,12.27,~,2008A&A...486..941A,B,Cl* NGC 6838 ASC 1958,*iC,19 53 46.0 +18 46 35,~,~,~,~,~,~,1,0,298.441666666,18.7763888888
282,105.96,100,2008ApJ...682.1217K,B,[KGS2008] J195339.2+184623,RG*,19 53 39.18 +18 46 23.9,~,17.48,16.86,~,16.14,~,4,0,298.413249999,18.7733055555
283,86.16,~,2008A&A...486..941A,B,Cl* NGC 6838 ASC 778,*iC,19 53 40.8 +18 47 15,~,~,~,~,~,~,1,0,298.419999999,18.7875
284,263.15,100,2011AJ....142..126S,B,2MASS J19532801+1847054,RG*,19 53 28.015 +18 47 05.46,~,~,~,~,~,~,2,0,298.366729166,18.7848500000
285,83.19,80,2010A&A...513A..16H,S,[HBE2010] s27b,XB?,19 53 51.43 +18 46 00.4,19.18,18.41,~,~,17.45,~,1,0,298.464291666,18.7667777777
286,386.25,100,2009A&A...505..139C,B,2MASS J19532826+1841584,RG*,19 53 28.266 +18 41 58.44,~,14.528,12.955,~,~,~,2,0,298.367775,18.6995666666
287,131.16,100,2009A&A...505..117C,B,2MASS J19535419+1845327,RG*,19 53 54.192 +18 45 32.72,~,15.83,14.60,~,12.71,~,19,0,298.4758,18.7590888888
288,95.74,~,2008A&A...486..941A,B,Cl* NGC 6838 ASC 2153,*iC,19 53 52.2 +18 47 36,~,~,~,~,~,~,1,0,298.4675,18.7933333333
289,20.44,~,2008A&A...486..941A,B,Cl* NGC 6838 ASC 11331,*iC,19 53 47.9 +18 46 41,~,~,~,~,~,~,1,0,298.449583333,18.7780555555
290,45.06,~,2008A&A...486..941A,B,Cl* NGC 6838 ASC 4448,*iC,19 53 43.8 +18 47 09,~,~,~,~,~,~,1,0,298.432499999,18.7858333333
291,56.28,95,2008A&A...486..941A,B,Cl* NGC 6838 ASC 402,*iC,19 53 45.612 +18 45 50.22,~,15.49,14.47,~,~,~,19,0,298.44005,18.76395
292,250.73,100,2011AJ....141...89S,B,2MASS J19534359+1842377,RG*,19 53 43.593 +18 42 37.77,~,15.418,14.611,~,~,~,3,0,298.431637499,18.7104916666
293,355.84,0,2009MNRAS.393..272W,B,2MASS J19541151+1846275,RG*,19 54 11.516 +18 46 27.58,~,14.71,13.69,~,12.66,~,2,0,298.547983333,18.7743277777
294,151.19,~,2008A&A...486..941A,B,Cl* NGC 6838 ASC 8009,*iC,19 53 55.3 +18 48 10,~,~,~,~,~,~,1,0,298.480416666,18.8027777777
295,61.99,~,2008A&A...486..941A,B,Cl* NGC 6838 ASC 4482,*iC,19 53 43.9 +18 47 35,~,~,~,~,~,~,1,0,298.432916666,18.7930555555
296,19.36,80,2008A&A...486..941A,B,2MASS J19534573+1847012,RG*,19 53 45.736 +18 47 01.23,~,15.475,14.322,~,~,G...,16,0,298.440566666,18.7836750000
297,74.25,87,2008A&A...486..941A,B,2MASS J19535018+1845525,RG*,19 53 50.186 +18 45 52.58,~,16.023,14.914,~,~,~,7,0,298.459108333,18.7646055555
298,98.54,80,2008A&A...486..941A,B,Cl* NGC 6838 ASC 3791,*iC,19 53 41.9 +18 47 59,~,17.9,16.83,~,~,~,1,0,298.424583333,18.7997222222
299,62.38,100,2009A&A...505..117C,B,2MASS J19534373+1847336,RG*,19 53 43.732 +18 47 33.65,~,13.95,12.76,17.000,11.51,G...,25,0,298.432216666,18.7926805555
300,162.45,0,2008A&A...486..941A,B,Cl* NGC 6838 ASC 654,*iC,19 53 56.2 +18 48 11,~,18.54,17.26,~,~,~,1,0,298.484166666,18.8030555555
301,111.48,~,2008A&A...486..941A,B,Cl* NGC 6838 ASC 7573,*iC,19 53 53.4 +18 47 38,~,~,~,~,~,~,1,0,298.472499999,18.7938888888
302,158.77,90,2008A&A...486..941A,B,Cl* NGC 6838 KC 127,*iC,19 53 35.9 +18 47 36,~,15.51,14.44,~,~,~,2,0,298.399583333,18.7933333333
303,61.4,100,2008ApJ...682.1217K,B,[KGS2008] J195344.9+184548,RG*,19 53 44.9 +18 45 48,~,14.31,13.55,~,12.68,~,1,0,298.437083333,18.7633333333
304,62.38,100,2011AJ....141...89S,B,2MASS J19534373+1847336,RG*,19 53 43.732 +18 47 33.65,~,13.95,12.76,17.000,11.51,G...,25,0,298.432216666,18.7926805555
305,216.37,100,2011AJ....141...89S,B,2MASS J19534946+1843128,RG*,19 53 49.462 +18 43 12.89,~,~,~,~,~,~,2,0,298.456091666,18.7202472222
306,60.75,96,2008A&A...486..941A,B,2MASS J19534253+1847083,RG*,19 53 42.538 +18 47 08.35,~,15.99,14.79,~,~,G...,16,0,298.427241666,18.7856527777
307,250.73,100,2009A&A...505..117C,B,2MASS J19534359+1842377,RG*,19 53 43.593 +18 42 37.77,~,15.418,14.611,~,~,~,3,0,298.431637499,18.7104916666
308,60.89,100,2009A&A...505..117C,B,2MASS J19534227+1846563,RG*,19 53 42.276 +18 46 56.34,~,14.97,14.04,~,13.00,~,4,0,298.426149999,18.7823166666
309,75.54,50,2010A&A...513A..16H,S,[HBE2010] s14b,?,19 53 47.45 +18 47 59.4,~,~,~,~,28,~,1,0,298.447708333,18.7998333333
310,136.83,100,2008ApJ...682.1217K,B,2MASS J19533717+1847201,RG*,19 53 37.177 +18 47 20.19,~,13.29,12.01,~,10.70,~,19,0,298.404904166,18.7889416666
311,154.14,95,2008A&A...486..941A,B,2MASS J19535064+1849075,RG*,19 53 50.641 +18 49 07.52,~,14.58,12.97,~,~,G...,34,0,298.461004166,18.8187555555
312,355.84,100,2008ApJ...682.1217K,B,2MASS J19541151+1846275,RG*,19 54 11.516 +18 46 27.58,~,14.71,13.69,~,12.66,~,2,0,298.547983333,18.7743277777
313,131.85,~,2008A&A...486..941A,B,2MASS J19535534+1847247,RG*,19 53 55.345 +18 47 24.73,~,15.997,14.893,~,~,~,2,0,298.480604166,18.7902027777
314,101.66,~,2008A&A...486..941A,B,Cl* NGC 6838 KC 336,*iC,19 53 52.0 +18 47 50,~,~,15.97,~,~,~,2,0,298.466666666,18.7972222222
315,120.91,83,2008A&A...486..941A,B,Cl* NGC 6838 ASC 206,*iC,19 53 38.0 +18 46 36,~,17.7,16.83,~,~,~,1,0,298.408333333,18.7766666666
316,267.79,100,2008ApJ...682.1217K,B,[KGS2008] J195405.3+184704,RG*,19 54 05.3 +18 47 04,~,14.49,13.65,~,12.73,~,1,0,298.522083333,18.7844444444
317,13.41,100,2009A&A...505..139C,B,2MASS J19534721+1846537,RG*,19 53 47.211 +18 46 53.76,~,14.610,13.131,~,~,~,14,0,298.4467125,18.7815999999
318,372.02,100,2011AJ....141...89S,B,2MASS J19532580+1850334,RG*,19 53 25.805 +18 50 33.44,~,~,~,~,~,~,2,0,298.357520833,18.8426222222
319,295.32,100,2013AJ....146..133M,B,2MASS J19534463+1851392,RG*,19 53 44.634 +18 51 39.24,~,15.497,14.257,~,~,G9III,5,0,298.435975,18.8609
320,154.14,100,2009MNRAS.393..272W,B,2MASS J19535064+1849075,RG*,19 53 50.641 +18 49 07.52,~,14.58,12.97,~,~,G...,34,0,298.461004166,18.8187555555
321,65.44,~,2008A&A...486..941A,B,Cl* NGC 6838 ASC 3915,*iC,19 53 42.2 +18 47 09,~,~,~,~,~,~,1,0,298.425833333,18.7858333333
322,262.72,100,2011AJ....141...89S,B,[SLB2011b] 298.51727+18.80103,*,19 54 04.144 +18 48 03.66,~,~,~,~,~,~,1,0,298.517266666,18.8010166666
323,117.43,~,2008A&A...486..941A,B,Cl* NGC 6838 ASC 7505,*iC,19 53 52.8 +18 48 01,~,~,~,~,~,~,1,0,298.469999999,18.8002777777
324,86.97,96,2008A&A...486..941A,B,2MASS J19534103+1846056,AB*,19 53 41.034 +18 46 05.60,~,14.63,13.39,~,~,A...,23,0,298.420974999,18.7682222222
325,59.88,80,2010A&A...513A..16H,S,[HBE2010] s04,XB?,19 53 43.86 +18 45 58.3,~,~,~,~,16.01,~,1,0,298.432749999,18.7661944444
326,116.58,97,2008A&A...486..941A,B,Cl* NGC 6838 ASC 613,*iC,19 53 54.3 +18 47 21,~,18.46,17.57,~,~,~,1,0,298.476249999,18.7891666666
327,74.83,~,2008A&A...486..941A,B,Cl* NGC 6838 ASC 1081,*iC,19 53 41.3 +18 46 58,~,~,~,~,~,~,1,0,298.422083333,18.7827777777
328,131.16,100,2008ApJ...682.1217K,B,2MASS J19535419+1845327,RG*,19 53 54.192 +18 45 32.72,~,15.83,14.60,~,12.71,~,19,0,298.4758,18.7590888888
329,31.62,95,2008A&A...486..941A,B,Cl* NGC 6838 ASC 452,*iC,19 53 47.509 +18 46 16.99,~,14.51,13.02,~,~,~,35,0,298.447954166,18.7713861111
330,398.58,100,2008ApJ...682.1217K,B,[KGS2008] J195414.5+184620,RG*,19 54 14.5 +18 46 20,~,13.67,12.47,~,11.19,~,1,0,298.560416666,18.7722222222
331,133.88,100,2009A&A...505..139C,B,2MASS J19533757+1847286,RG*,19 53 37.574 +18 47 28.60,~,14.447,12.762,~,~,~,32,0,298.406558333,18.7912777777
332,160.59,0,2008A&A...486..941A,B,Cl* NGC 6838 KC 303,*iC,19 53 35.3 +18 46 22,~,16.82,16.01,~,~,~,2,0,298.397083333,18.7727777777
333,147.18,60,2008A&A...486..941A,B,Cl* NGC 6838 ASC 1214,*iC,19 53 53.9 +18 48 28,~,19.91,19.00,~,~,~,1,0,298.474583333,18.8077777777
334,155.08,100,2008ApJ...682.1217K,B,[KGS2008] J195356.8+184554,RG*,19 53 56.8 +18 45 54,~,14.47,13.67,~,12.73,~,1,0,298.486666666,18.765
335,49.8,~,2008A&A...486..941A,B,Cl* NGC 6838 ASC 1486,*iC,19 53 43.0 +18 46 50,~,~,~,~,~,~,1,0,298.429166666,18.7805555555
336,14.62,95,2008A&A...486..941A,B,Cl* NGC 6838 ASC 399,*iC,19 53 45.510 +18 46 49.57,~,15.08,13.76,~,~,~,8,0,298.439625,18.7804361111
337,38.46,100,2009A&A...505..117C,B,2MASS J19534916+1846512,RG*,19 53 49.164 +18 46 51.22,~,14.997,13.709,~,~,~,1,0,298.454849999,18.7808944444
338,88.82,80,2010A&A...513A..16H,S,[HBE2010] s28b,XB?,19 53 52.71 +18 46 35.8,~,~,~,~,19.28,~,1,0,298.469624999,18.7766111111
339,491.23,100,2011AJ....141...89S,B,[SLB2011b] 298.56809+18.84816,*,19 54 16.345 +18 50 53.31,~,~,~,~,~,~,1,0,298.568104166,18.8481416666
340,62.38,100,2008ApJ...682.1217K,B,2MASS J19534373+1847336,RG*,19 53 43.732 +18 47 33.65,~,13.95,12.76,17.000,11.51,G...,25,0,298.432216666,18.7926805555
341,107.58,80,2008A&A...486..941A,B,Cl* NGC 6838 ASC 232,*iC,19 53 39.0 +18 46 29,~,17.9,16.86,~,~,~,4,0,298.412499999,18.7747222222
342,136.28,~,2008A&A...486..941A,B,Cl* NGC 6838 ASC 7453,*iC,19 53 52.7 +18 48 29,~,~,~,~,~,~,1,0,298.469583333,18.8080555555
343,137.62,100,2008ApJ...682.1217K,B,[KGS2008] J195336.8+184646,RG*,19 53 36.8 +18 46 46,~,15.50,14.64,~,13.69,~,1,0,298.403333333,18.7794444444
344,138.78,100,2009A&A...505..117C,B,2MASS J19535236+1844542,RG*,19 53 52.366 +18 44 54.22,~,15.309,14.130,~,~,~,11,0,298.468191666,18.7483944444
